"STATISTIC","Statistic Label","TLIST(A1)","Year","C02803V03373","Type of Residential Property","UNIT","VALUE"
"HPA06C01","Residential Property Price Index","2005","2005","-","National - all residential properties","Base Jan 2005 = 100","105.5"
"HPA06C01","Residential Property Price Index","2005","2005","01","National - houses","Base Jan 2005 = 100","105.9"
"HPA06C01","Residential Property Price Index","2005","2005","02","National - apartments","Base Jan 2005 = 100","102.1"
"HPA06C01","Residential Property Price Index","2005","2005","05","Dublin - all residential properties","Base Jan 2005 = 100","106.9"
"HPA06C01","Residential Property Price Index","2005","2005","06","Dublin - houses","Base Jan 2005 = 100","107.5"
"HPA06C01","Residential Property Price Index","2005","2005","07","Dublin - apartments","Base Jan 2005 = 100","105.3"
"HPA06C01","Residential Property Price Index","2005","2005","03","National excluding Dublin - all residential properties","Base Jan 2005 = 100","104.7"
"HPA06C01","Residential Property Price Index","2005","2005","04","National excluding Dublin - houses","Base Jan 2005 = 100","105.2"
"HPA06C01","Residential Property Price Index","2005","2005","12","National excluding Dublin - apartments","Base Jan 2005 = 100","96.9"
"HPA06C01","Residential Property Price Index","2006","2006","-","National - all residential properties","Base Jan 2005 = 100","121.2"
"HPA06C01","Residential Property Price Index","2006","2006","01","National - houses","Base Jan 2005 = 100","122"
"HPA06C01","Residential Property Price Index","2006","2006","02","National - apartments","Base Jan 2005 = 100","116.3"
"HPA06C01","Residential Property Price Index","2006","2006","05","Dublin - all residential properties","Base Jan 2005 = 100","126.2"
"HPA06C01","Residential Property Price Index","2006","2006","06","Dublin - houses","Base Jan 2005 = 100","128.7"
"HPA06C01","Residential Property Price Index","2006","2006","07","Dublin - apartments","Base Jan 2005 = 100","118.9"
"HPA06C01","Residential Property Price Index","2006","2006","03","National excluding Dublin - all residential properties","Base Jan 2005 = 100","118.4"
"HPA06C01","Residential Property Price Index","2006","2006","04","National excluding Dublin - houses","Base Jan 2005 = 100","118.9"
"HPA06C01","Residential Property Price Index","2006","2006","12","National excluding Dublin - apartments","Base Jan 2005 = 100","111.7"
"HPA06C01","Residential Property Price Index","2007","2007","-","National - all residential properties","Base Jan 2005 = 100","130.3"
"HPA06C01","Residential Property Price Index","2007","2007","01","National - houses","Base Jan 2005 = 100","131.5"
"HPA06C01","Residential Property Price Index","2007","2007","02","National - apartments","Base Jan 2005 = 100","123"
"HPA06C01","Residential Property Price Index","2007","2007","05","Dublin - all residential properties","Base Jan 2005 = 100","133.2"
"HPA06C01","Residential Property Price Index","2007","2007","06","Dublin - houses","Base Jan 2005 = 100","136.3"
"HPA06C01","Residential Property Price Index","2007","2007","07","Dublin - apartments","Base Jan 2005 = 100","124.2"
"HPA06C01","Residential Property Price Index","2007","2007","03","National excluding Dublin - all residential properties","Base Jan 2005 = 100","128.5"
"HPA06C01","Residential Property Price Index","2007","2007","04","National excluding Dublin - houses","Base Jan 2005 = 100","129.3"
"HPA06C01","Residential Property Price Index","2007","2007","12","National excluding Dublin - apartments","Base Jan 2005 = 100","118.7"
"HPA06C01","Residential Property Price Index","2008","2008","-","National - all residential properties","Base Jan 2005 = 100","121.2"
"HPA06C01","Residential Property Price Index","2008","2008","01","National - houses","Base Jan 2005 = 100","123"
"HPA06C01","Residential Property Price Index","2008","2008","02","National - apartments","Base Jan 2005 = 100","112"
"HPA06C01","Residential Property Price Index","2008","2008","05","Dublin - all residential properties","Base Jan 2005 = 100","121"
"HPA06C01","Residential Property Price Index","2008","2008","06","Dublin - houses","Base Jan 2005 = 100","125"
"HPA06C01","Residential Property Price Index","2008","2008","07","Dublin - apartments","Base Jan 2005 = 100","111.8"
"HPA06C01","Residential Property Price Index","2008","2008","03","National excluding Dublin - all residential properties","Base Jan 2005 = 100","121.1"
"HPA06C01","Residential Property Price Index","2008","2008","04","National excluding Dublin - houses","Base Jan 2005 = 100","122"
"HPA06C01","Residential Property Price Index","2008","2008","12","National excluding Dublin - apartments","Base Jan 2005 = 100","110"
"HPA06C01","Residential Property Price Index","2009","2009","-","National - all residential properties","Base Jan 2005 = 100","98"
"HPA06C01","Residential Property Price Index","2009","2009","01","National - houses","Base Jan 2005 = 100","100.9"
"HPA06C01","Residential Property Price Index","2009","2009","02","National - apartments","Base Jan 2005 = 100","82.2"
"HPA06C01","Residential Property Price Index","2009","2009","05","Dublin - all residential properties","Base Jan 2005 = 100","91.4"
"HPA06C01","Residential Property Price Index","2009","2009","06","Dublin - houses","Base Jan 2005 = 100","95.7"
"HPA06C01","Residential Property Price Index","2009","2009","07","Dublin - apartments","Base Jan 2005 = 100","81.3"
"HPA06C01","Residential Property Price Index","2009","2009","03","National excluding Dublin - all residential properties","Base Jan 2005 = 100","101"
"HPA06C01","Residential Property Price Index","2009","2009","04","National excluding Dublin - houses","Base Jan 2005 = 100","102.4"
"HPA06C01","Residential Property Price Index","2009","2009","12","National excluding Dublin - apartments","Base Jan 2005 = 100","83.5"
"HPA06C01","Residential Property Price Index","2010","2010","-","National - all residential properties","Base Jan 2005 = 100","84.8"
"HPA06C01","Residential Property Price Index","2010","2010","01","National - houses","Base Jan 2005 = 100","88"
"HPA06C01","Residential Property Price Index","2010","2010","02","National - apartments","Base Jan 2005 = 100","67.6"
"HPA06C01","Residential Property Price Index","2010","2010","05","Dublin - all residential properties","Base Jan 2005 = 100","75.9"
"HPA06C01","Residential Property Price Index","2010","2010","06","Dublin - houses","Base Jan 2005 = 100","79.7"
"HPA06C01","Residential Property Price Index","2010","2010","07","Dublin - apartments","Base Jan 2005 = 100","67"
"HPA06C01","Residential Property Price Index","2010","2010","08","Dublin City - houses","Base Jan 2005 = 100","77.1"
"HPA06C01","Residential Property Price Index","2010","2010","09","Dun Laoghaire-Rathdown - houses","Base Jan 2005 = 100","79.9"
"HPA06C01","Residential Property Price Index","2010","2010","10","Fingal - houses","Base Jan 2005 = 100","78.3"
"HPA06C01","Residential Property Price Index","2010","2010","11","South Dublin - houses","Base Jan 2005 = 100","81"
"HPA06C01","Residential Property Price Index","2010","2010","03","National excluding Dublin - all residential properties","Base Jan 2005 = 100","89"
"HPA06C01","Residential Property Price Index","2010","2010","04","National excluding Dublin - houses","Base Jan 2005 = 100","90.6"
"HPA06C01","Residential Property Price Index","2010","2010","12","National excluding Dublin - apartments","Base Jan 2005 = 100","68.3"
"HPA06C01","Residential Property Price Index","2010","2010","13","Border excluding Louth - houses","Base Jan 2005 = 100","89.3"
"HPA06C01","Residential Property Price Index","2010","2010","14","Midland - houses","Base Jan 2005 = 100","89.6"
"HPA06C01","Residential Property Price Index","2010","2010","15","West - houses","Base Jan 2005 = 100","91.3"
"HPA06C01","Residential Property Price Index","2010","2010","16","Mid-East including Louth - houses","Base Jan 2005 = 100","91"
"HPA06C01","Residential Property Price Index","2010","2010","17","Mid-West including South Tipperary - houses","Base Jan 2005 = 100","94.4"
"HPA06C01","Residential Property Price Index","2010","2010","18","South-East excluding South Tipperary - houses","Base Jan 2005 = 100","90"
"HPA06C01","Residential Property Price Index","2010","2010","19","South-West - houses","Base Jan 2005 = 100","91.2"
"HPA06C01","Residential Property Price Index","2011","2011","-","National - all residential properties","Base Jan 2005 = 100","70.3"
"HPA06C01","Residential Property Price Index","2011","2011","01","National - houses","Base Jan 2005 = 100","73"
"HPA06C01","Residential Property Price Index","2011","2011","02","National - apartments","Base Jan 2005 = 100","56.1"
"HPA06C01","Residential Property Price Index","2011","2011","05","Dublin - all residential properties","Base Jan 2005 = 100","63.7"
"HPA06C01","Residential Property Price Index","2011","2011","06","Dublin - houses","Base Jan 2005 = 100","66.8"
"HPA06C01","Residential Property Price Index","2011","2011","07","Dublin - apartments","Base Jan 2005 = 100","56.9"
"HPA06C01","Residential Property Price Index","2011","2011","08","Dublin City - houses","Base Jan 2005 = 100","65.6"
"HPA06C01","Residential Property Price Index","2011","2011","09","Dun Laoghaire-Rathdown - houses","Base Jan 2005 = 100","64.8"
"HPA06C01","Residential Property Price Index","2011","2011","10","Fingal - houses","Base Jan 2005 = 100","69.2"
"HPA06C01","Residential Property Price Index","2011","2011","11","South Dublin - houses","Base Jan 2005 = 100","70.9"
"HPA06C01","Residential Property Price Index","2011","2011","03","National excluding Dublin - all residential properties","Base Jan 2005 = 100","73.1"
"HPA06C01","Residential Property Price Index","2011","2011","04","National excluding Dublin - houses","Base Jan 2005 = 100","74.7"
"HPA06C01","Residential Property Price Index","2011","2011","12","National excluding Dublin - apartments","Base Jan 2005 = 100","51.9"
"HPA06C01","Residential Property Price Index","2011","2011","13","Border excluding Louth - houses","Base Jan 2005 = 100","74.8"
"HPA06C01","Residential Property Price Index","2011","2011","14","Midland - houses","Base Jan 2005 = 100","67.3"
"HPA06C01","Residential Property Price Index","2011","2011","15","West - houses","Base Jan 2005 = 100","76"
"HPA06C01","Residential Property Price Index","2011","2011","16","Mid-East including Louth - houses","Base Jan 2005 = 100","75.1"
"HPA06C01","Residential Property Price Index","2011","2011","17","Mid-West including South Tipperary - houses","Base Jan 2005 = 100","77.9"
"HPA06C01","Residential Property Price Index","2011","2011","18","South-East excluding South Tipperary - houses","Base Jan 2005 = 100","71"
"HPA06C01","Residential Property Price Index","2011","2011","19","South-West - houses","Base Jan 2005 = 100","75.5"
"HPA06C01","Residential Property Price Index","2012","2012","-","National - all residential properties","Base Jan 2005 = 100","60.9"
"HPA06C01","Residential Property Price Index","2012","2012","01","National - houses","Base Jan 2005 = 100","63.4"
"HPA06C01","Residential Property Price Index","2012","2012","02","National - apartments","Base Jan 2005 = 100","45.8"
"HPA06C01","Residential Property Price Index","2012","2012","05","Dublin - all residential properties","Base Jan 2005 = 100","56.3"
"HPA06C01","Residential Property Price Index","2012","2012","06","Dublin - houses","Base Jan 2005 = 100","59.5"
"HPA06C01","Residential Property Price Index","2012","2012","07","Dublin - apartments","Base Jan 2005 = 100","47.1"
"HPA06C01","Residential Property Price Index","2012","2012","08","Dublin City - houses","Base Jan 2005 = 100","55.7"
"HPA06C01","Residential Property Price Index","2012","2012","09","Dun Laoghaire-Rathdown - houses","Base Jan 2005 = 100","58.7"
"HPA06C01","Residential Property Price Index","2012","2012","10","Fingal - houses","Base Jan 2005 = 100","59.8"
"HPA06C01","Residential Property Price Index","2012","2012","11","South Dublin - houses","Base Jan 2005 = 100","60.8"
"HPA06C01","Residential Property Price Index","2012","2012","03","National excluding Dublin - all residential properties","Base Jan 2005 = 100","62"
"HPA06C01","Residential Property Price Index","2012","2012","04","National excluding Dublin - houses","Base Jan 2005 = 100","63.4"
"HPA06C01","Residential Property Price Index","2012","2012","12","National excluding Dublin - apartments","Base Jan 2005 = 100","43"
"HPA06C01","Residential Property Price Index","2012","2012","13","Border excluding Louth - houses","Base Jan 2005 = 100","59.3"
"HPA06C01","Residential Property Price Index","2012","2012","14","Midland - houses","Base Jan 2005 = 100","56.2"
"HPA06C01","Residential Property Price Index","2012","2012","15","West - houses","Base Jan 2005 = 100","64.2"
"HPA06C01","Residential Property Price Index","2012","2012","16","Mid-East including Louth - houses","Base Jan 2005 = 100","62.4"
"HPA06C01","Residential Property Price Index","2012","2012","17","Mid-West including South Tipperary - houses","Base Jan 2005 = 100","65.7"
"HPA06C01","Residential Property Price Index","2012","2012","18","South-East excluding South Tipperary - houses","Base Jan 2005 = 100","59.5"
"HPA06C01","Residential Property Price Index","2012","2012","19","South-West - houses","Base Jan 2005 = 100","66.2"
"HPA06C01","Residential Property Price Index","2013","2013","-","National - all residential properties","Base Jan 2005 = 100","61.6"
"HPA06C01","Residential Property Price Index","2013","2013","01","National - houses","Base Jan 2005 = 100","64.1"
"HPA06C01","Residential Property Price Index","2013","2013","02","National - apartments","Base Jan 2005 = 100","47.5"
"HPA06C01","Residential Property Price Index","2013","2013","05","Dublin - all residential properties","Base Jan 2005 = 100","61.8"
"HPA06C01","Residential Property Price Index","2013","2013","06","Dublin - houses","Base Jan 2005 = 100","65.8"
"HPA06C01","Residential Property Price Index","2013","2013","07","Dublin - apartments","Base Jan 2005 = 100","49.4"
"HPA06C01","Residential Property Price Index","2013","2013","08","Dublin City - houses","Base Jan 2005 = 100","62.3"
"HPA06C01","Residential Property Price Index","2013","2013","09","Dun Laoghaire-Rathdown - houses","Base Jan 2005 = 100","68.9"
"HPA06C01","Residential Property Price Index","2013","2013","10","Fingal - houses","Base Jan 2005 = 100","63.3"
"HPA06C01","Residential Property Price Index","2013","2013","11","South Dublin - houses","Base Jan 2005 = 100","66.6"
"HPA06C01","Residential Property Price Index","2013","2013","03","National excluding Dublin - all residential properties","Base Jan 2005 = 100","57.7"
"HPA06C01","Residential Property Price Index","2013","2013","04","National excluding Dublin - houses","Base Jan 2005 = 100","59"
"HPA06C01","Residential Property Price Index","2013","2013","12","National excluding Dublin - apartments","Base Jan 2005 = 100","41.4"
"HPA06C01","Residential Property Price Index","2013","2013","13","Border excluding Louth - houses","Base Jan 2005 = 100","50.3"
"HPA06C01","Residential Property Price Index","2013","2013","14","Midland - houses","Base Jan 2005 = 100","50.4"
"HPA06C01","Residential Property Price Index","2013","2013","15","West - houses","Base Jan 2005 = 100","58.9"
"HPA06C01","Residential Property Price Index","2013","2013","16","Mid-East including Louth - houses","Base Jan 2005 = 100","62.6"
"HPA06C01","Residential Property Price Index","2013","2013","17","Mid-West including South Tipperary - houses","Base Jan 2005 = 100","56.1"
"HPA06C01","Residential Property Price Index","2013","2013","18","South-East excluding South Tipperary - houses","Base Jan 2005 = 100","54.2"
"HPA06C01","Residential Property Price Index","2013","2013","19","South-West - houses","Base Jan 2005 = 100","62.7"
"HPA06C01","Residential Property Price Index","2014","2014","-","National - all residential properties","Base Jan 2005 = 100","71.8"
"HPA06C01","Residential Property Price Index","2014","2014","01","National - houses","Base Jan 2005 = 100","74.3"
"HPA06C01","Residential Property Price Index","2014","2014","02","National - apartments","Base Jan 2005 = 100","57.3"
"HPA06C01","Residential Property Price Index","2014","2014","05","Dublin - all residential properties","Base Jan 2005 = 100","76.7"
"HPA06C01","Residential Property Price Index","2014","2014","06","Dublin - houses","Base Jan 2005 = 100","81.4"
"HPA06C01","Residential Property Price Index","2014","2014","07","Dublin - apartments","Base Jan 2005 = 100","62.2"
"HPA06C01","Residential Property Price Index","2014","2014","08","Dublin City - houses","Base Jan 2005 = 100","80.5"
"HPA06C01","Residential Property Price Index","2014","2014","09","Dun Laoghaire-Rathdown - houses","Base Jan 2005 = 100","83.6"
"HPA06C01","Residential Property Price Index","2014","2014","10","Fingal - houses","Base Jan 2005 = 100","74.5"
"HPA06C01","Residential Property Price Index","2014","2014","11","South Dublin - houses","Base Jan 2005 = 100","82.5"
"HPA06C01","Residential Property Price Index","2014","2014","03","National excluding Dublin - all residential properties","Base Jan 2005 = 100","62.2"
"HPA06C01","Residential Property Price Index","2014","2014","04","National excluding Dublin - houses","Base Jan 2005 = 100","63.6"
"HPA06C01","Residential Property Price Index","2014","2014","12","National excluding Dublin - apartments","Base Jan 2005 = 100","44"
"HPA06C01","Residential Property Price Index","2014","2014","13","Border excluding Louth - houses","Base Jan 2005 = 100","50.6"
"HPA06C01","Residential Property Price Index","2014","2014","14","Midland - houses","Base Jan 2005 = 100","53.3"
"HPA06C01","Residential Property Price Index","2014","2014","15","West - houses","Base Jan 2005 = 100","60.4"
"HPA06C01","Residential Property Price Index","2014","2014","16","Mid-East including Louth - houses","Base Jan 2005 = 100","71.4"
"HPA06C01","Residential Property Price Index","2014","2014","17","Mid-West including South Tipperary - houses","Base Jan 2005 = 100","57.1"
"HPA06C01","Residential Property Price Index","2014","2014","18","South-East excluding South Tipperary - houses","Base Jan 2005 = 100","59.3"
"HPA06C01","Residential Property Price Index","2014","2014","19","South-West - houses","Base Jan 2005 = 100","67.7"
"HPA06C01","Residential Property Price Index","2015","2015","-","National - all residential properties","Base Jan 2005 = 100","80.1"
"HPA06C01","Residential Property Price Index","2015","2015","01","National - houses","Base Jan 2005 = 100","82.8"
"HPA06C01","Residential Property Price Index","2015","2015","02","National - apartments","Base Jan 2005 = 100","65.2"
"HPA06C01","Residential Property Price Index","2015","2015","05","Dublin - all residential properties","Base Jan 2005 = 100","84.4"
"HPA06C01","Residential Property Price Index","2015","2015","06","Dublin - houses","Base Jan 2005 = 100","89.3"
"HPA06C01","Residential Property Price Index","2015","2015","07","Dublin - apartments","Base Jan 2005 = 100","69.5"
"HPA06C01","Residential Property Price Index","2015","2015","08","Dublin City - houses","Base Jan 2005 = 100","90.1"
"HPA06C01","Residential Property Price Index","2015","2015","09","Dun Laoghaire-Rathdown - houses","Base Jan 2005 = 100","89.1"
"HPA06C01","Residential Property Price Index","2015","2015","10","Fingal - houses","Base Jan 2005 = 100","85.9"
"HPA06C01","Residential Property Price Index","2015","2015","11","South Dublin - houses","Base Jan 2005 = 100","90.8"
"HPA06C01","Residential Property Price Index","2015","2015","03","National excluding Dublin - all residential properties","Base Jan 2005 = 100","70.4"
"HPA06C01","Residential Property Price Index","2015","2015","04","National excluding Dublin - houses","Base Jan 2005 = 100","72"
"HPA06C01","Residential Property Price Index","2015","2015","12","National excluding Dublin - apartments","Base Jan 2005 = 100","49.9"
"HPA06C01","Residential Property Price Index","2015","2015","13","Border excluding Louth - houses","Base Jan 2005 = 100","56.2"
"HPA06C01","Residential Property Price Index","2015","2015","14","Midland - houses","Base Jan 2005 = 100","60.7"
"HPA06C01","Residential Property Price Index","2015","2015","15","West - houses","Base Jan 2005 = 100","62.9"
"HPA06C01","Residential Property Price Index","2015","2015","16","Mid-East including Louth - houses","Base Jan 2005 = 100","84.6"
"HPA06C01","Residential Property Price Index","2015","2015","17","Mid-West including South Tipperary - houses","Base Jan 2005 = 100","63.4"
"HPA06C01","Residential Property Price Index","2015","2015","18","South-East excluding South Tipperary - houses","Base Jan 2005 = 100","69.2"
"HPA06C01","Residential Property Price Index","2015","2015","19","South-West - houses","Base Jan 2005 = 100","77"
"HPA06C01","Residential Property Price Index","2016","2016","-","National - all residential properties","Base Jan 2005 = 100","86"
"HPA06C01","Residential Property Price Index","2016","2016","01","National - houses","Base Jan 2005 = 100","88.9"
"HPA06C01","Residential Property Price Index","2016","2016","02","National - apartments","Base Jan 2005 = 100","69.8"
"HPA06C01","Residential Property Price Index","2016","2016","05","Dublin - all residential properties","Base Jan 2005 = 100","88.7"
"HPA06C01","Residential Property Price Index","2016","2016","06","Dublin - houses","Base Jan 2005 = 100","93.5"
"HPA06C01","Residential Property Price Index","2016","2016","07","Dublin - apartments","Base Jan 2005 = 100","73.7"
"HPA06C01","Residential Property Price Index","2016","2016","08","Dublin City - houses","Base Jan 2005 = 100","93.2"
"HPA06C01","Residential Property Price Index","2016","2016","09","Dun Laoghaire-Rathdown - houses","Base Jan 2005 = 100","94.4"
"HPA06C01","Residential Property Price Index","2016","2016","10","Fingal - houses","Base Jan 2005 = 100","88.7"
"HPA06C01","Residential Property Price Index","2016","2016","11","South Dublin - houses","Base Jan 2005 = 100","91.8"
"HPA06C01","Residential Property Price Index","2016","2016","03","National excluding Dublin - all residential properties","Base Jan 2005 = 100","77.4"
"HPA06C01","Residential Property Price Index","2016","2016","04","National excluding Dublin - houses","Base Jan 2005 = 100","79"
"HPA06C01","Residential Property Price Index","2016","2016","12","National excluding Dublin - apartments","Base Jan 2005 = 100","56.5"
"HPA06C01","Residential Property Price Index","2016","2016","13","Border excluding Louth - houses","Base Jan 2005 = 100","61.3"
"HPA06C01","Residential Property Price Index","2016","2016","14","Midland - houses","Base Jan 2005 = 100","70"
"HPA06C01","Residential Property Price Index","2016","2016","15","West - houses","Base Jan 2005 = 100","70.2"
"HPA06C01","Residential Property Price Index","2016","2016","16","Mid-East including Louth - houses","Base Jan 2005 = 100","89.6"
"HPA06C01","Residential Property Price Index","2016","2016","17","Mid-West including South Tipperary - houses","Base Jan 2005 = 100","69.1"
"HPA06C01","Residential Property Price Index","2016","2016","18","South-East excluding South Tipperary - houses","Base Jan 2005 = 100","75.7"
"HPA06C01","Residential Property Price Index","2016","2016","19","South-West - houses","Base Jan 2005 = 100","85.6"
"HPA06C01","Residential Property Price Index","2017","2017","-","National - all residential properties","Base Jan 2005 = 100","95.4"
"HPA06C01","Residential Property Price Index","2017","2017","01","National - houses","Base Jan 2005 = 100","98.5"
"HPA06C01","Residential Property Price Index","2017","2017","02","National - apartments","Base Jan 2005 = 100","77.5"
"HPA06C01","Residential Property Price Index","2017","2017","05","Dublin - all residential properties","Base Jan 2005 = 100","97.1"
"HPA06C01","Residential Property Price Index","2017","2017","06","Dublin - houses","Base Jan 2005 = 100","102.3"
"HPA06C01","Residential Property Price Index","2017","2017","07","Dublin - apartments","Base Jan 2005 = 100","80.9"
"HPA06C01","Residential Property Price Index","2017","2017","08","Dublin City - houses","Base Jan 2005 = 100","103.3"
"HPA06C01","Residential Property Price Index","2017","2017","09","Dun Laoghaire-Rathdown - houses","Base Jan 2005 = 100","103"
"HPA06C01","Residential Property Price Index","2017","2017","10","Fingal - houses","Base Jan 2005 = 100","94.5"
"HPA06C01","Residential Property Price Index","2017","2017","11","South Dublin - houses","Base Jan 2005 = 100","102.2"
"HPA06C01","Residential Property Price Index","2017","2017","03","National excluding Dublin - all residential properties","Base Jan 2005 = 100","86.8"
"HPA06C01","Residential Property Price Index","2017","2017","04","National excluding Dublin - houses","Base Jan 2005 = 100","88.5"
"HPA06C01","Residential Property Price Index","2017","2017","12","National excluding Dublin - apartments","Base Jan 2005 = 100","64.6"
"HPA06C01","Residential Property Price Index","2017","2017","13","Border excluding Louth - houses","Base Jan 2005 = 100","67.9"
"HPA06C01","Residential Property Price Index","2017","2017","14","Midland - houses","Base Jan 2005 = 100","78.5"
"HPA06C01","Residential Property Price Index","2017","2017","15","West - houses","Base Jan 2005 = 100","81.3"
"HPA06C01","Residential Property Price Index","2017","2017","16","Mid-East including Louth - houses","Base Jan 2005 = 100","100.2"
"HPA06C01","Residential Property Price Index","2017","2017","17","Mid-West including South Tipperary - houses","Base Jan 2005 = 100","75.7"
"HPA06C01","Residential Property Price Index","2017","2017","18","South-East excluding South Tipperary - houses","Base Jan 2005 = 100","85.7"
"HPA06C01","Residential Property Price Index","2017","2017","19","South-West - houses","Base Jan 2005 = 100","95.8"
"HPA06C01","Residential Property Price Index","2018","2018","-","National - all residential properties","Base Jan 2005 = 100","105.1"
"HPA06C01","Residential Property Price Index","2018","2018","01","National - houses","Base Jan 2005 = 100","108.4"
"HPA06C01","Residential Property Price Index","2018","2018","02","National - apartments","Base Jan 2005 = 100","87.4"
"HPA06C01","Residential Property Price Index","2018","2018","05","Dublin - all residential properties","Base Jan 2005 = 100","105.4"
"HPA06C01","Residential Property Price Index","2018","2018","06","Dublin - houses","Base Jan 2005 = 100","110.7"
"HPA06C01","Residential Property Price Index","2018","2018","07","Dublin - apartments","Base Jan 2005 = 100","89.5"
"HPA06C01","Residential Property Price Index","2018","2018","08","Dublin City - houses","Base Jan 2005 = 100","113.5"
"HPA06C01","Residential Property Price Index","2018","2018","09","Dun Laoghaire-Rathdown - houses","Base Jan 2005 = 100","112.2"
"HPA06C01","Residential Property Price Index","2018","2018","10","Fingal - houses","Base Jan 2005 = 100","102.9"
"HPA06C01","Residential Property Price Index","2018","2018","11","South Dublin - houses","Base Jan 2005 = 100","109"
"HPA06C01","Residential Property Price Index","2018","2018","03","National excluding Dublin - all residential properties","Base Jan 2005 = 100","97.2"
"HPA06C01","Residential Property Price Index","2018","2018","04","National excluding Dublin - houses","Base Jan 2005 = 100","98.7"
"HPA06C01","Residential Property Price Index","2018","2018","12","National excluding Dublin - apartments","Base Jan 2005 = 100","74.4"
"HPA06C01","Residential Property Price Index","2018","2018","13","Border excluding Louth - houses","Base Jan 2005 = 100","72.7"
"HPA06C01","Residential Property Price Index","2018","2018","14","Midland - houses","Base Jan 2005 = 100","88.3"
"HPA06C01","Residential Property Price Index","2018","2018","15","West - houses","Base Jan 2005 = 100","93.4"
"HPA06C01","Residential Property Price Index","2018","2018","16","Mid-East including Louth - houses","Base Jan 2005 = 100","111"
"HPA06C01","Residential Property Price Index","2018","2018","17","Mid-West including South Tipperary - houses","Base Jan 2005 = 100","90.3"
"HPA06C01","Residential Property Price Index","2018","2018","18","South-East excluding South Tipperary - houses","Base Jan 2005 = 100","94.3"
"HPA06C01","Residential Property Price Index","2018","2018","19","South-West - houses","Base Jan 2005 = 100","106.5"
"HPA06C01","Residential Property Price Index","2019","2019","-","National - all residential properties","Base Jan 2005 = 100","107.6"
"HPA06C01","Residential Property Price Index","2019","2019","01","National - houses","Base Jan 2005 = 100","110.9"
"HPA06C01","Residential Property Price Index","2019","2019","02","National - apartments","Base Jan 2005 = 100","89"
"HPA06C01","Residential Property Price Index","2019","2019","05","Dublin - all residential properties","Base Jan 2005 = 100","105.4"
"HPA06C01","Residential Property Price Index","2019","2019","06","Dublin - houses","Base Jan 2005 = 100","110.6"
"HPA06C01","Residential Property Price Index","2019","2019","07","Dublin - apartments","Base Jan 2005 = 100","89.8"
"HPA06C01","Residential Property Price Index","2019","2019","08","Dublin City - houses","Base Jan 2005 = 100","113.1"
"HPA06C01","Residential Property Price Index","2019","2019","09","Dun Laoghaire-Rathdown - houses","Base Jan 2005 = 100","108.4"
"HPA06C01","Residential Property Price Index","2019","2019","10","Fingal - houses","Base Jan 2005 = 100","104.4"
"HPA06C01","Residential Property Price Index","2019","2019","11","South Dublin - houses","Base Jan 2005 = 100","111"
"HPA06C01","Residential Property Price Index","2019","2019","03","National excluding Dublin - all residential properties","Base Jan 2005 = 100","101.9"
"HPA06C01","Residential Property Price Index","2019","2019","04","National excluding Dublin - houses","Base Jan 2005 = 100","103.3"
"HPA06C01","Residential Property Price Index","2019","2019","12","National excluding Dublin - apartments","Base Jan 2005 = 100","79.2"
"HPA06C01","Residential Property Price Index","2019","2019","13","Border excluding Louth - houses","Base Jan 2005 = 100","80"
"HPA06C01","Residential Property Price Index","2019","2019","14","Midland - houses","Base Jan 2005 = 100","93.9"
"HPA06C01","Residential Property Price Index","2019","2019","15","West - houses","Base Jan 2005 = 100","100.6"
"HPA06C01","Residential Property Price Index","2019","2019","16","Mid-East including Louth - houses","Base Jan 2005 = 100","112.3"
"HPA06C01","Residential Property Price Index","2019","2019","17","Mid-West including South Tipperary - houses","Base Jan 2005 = 100","96.6"
"HPA06C01","Residential Property Price Index","2019","2019","18","South-East excluding South Tipperary - houses","Base Jan 2005 = 100","100"
"HPA06C01","Residential Property Price Index","2019","2019","19","South-West - houses","Base Jan 2005 = 100","110.7"
"HPA06C01","Residential Property Price Index","2020","2020","-","National - all residential properties","Base Jan 2005 = 100","107.9"
"HPA06C01","Residential Property Price Index","2020","2020","01","National - houses","Base Jan 2005 = 100","111.5"
"HPA06C01","Residential Property Price Index","2020","2020","02","National - apartments","Base Jan 2005 = 100","90.4"
"HPA06C01","Residential Property Price Index","2020","2020","05","Dublin - all residential properties","Base Jan 2005 = 100","104.8"
"HPA06C01","Residential Property Price Index","2020","2020","06","Dublin - houses","Base Jan 2005 = 100","110.1"
"HPA06C01","Residential Property Price Index","2020","2020","07","Dublin - apartments","Base Jan 2005 = 100","90.6"
"HPA06C01","Residential Property Price Index","2020","2020","08","Dublin City - houses","Base Jan 2005 = 100","110.5"
"HPA06C01","Residential Property Price Index","2020","2020","09","Dun Laoghaire-Rathdown - houses","Base Jan 2005 = 100","107.3"
"HPA06C01","Residential Property Price Index","2020","2020","10","Fingal - houses","Base Jan 2005 = 100","106.8"
"HPA06C01","Residential Property Price Index","2020","2020","11","South Dublin - houses","Base Jan 2005 = 100","110.4"
"HPA06C01","Residential Property Price Index","2020","2020","03","National excluding Dublin - all residential properties","Base Jan 2005 = 100","103"
"HPA06C01","Residential Property Price Index","2020","2020","04","National excluding Dublin - houses","Base Jan 2005 = 100","104.6"
"HPA06C01","Residential Property Price Index","2020","2020","12","National excluding Dublin - apartments","Base Jan 2005 = 100","79.6"
"HPA06C01","Residential Property Price Index","2020","2020","13","Border excluding Louth - houses","Base Jan 2005 = 100","80.3"
"HPA06C01","Residential Property Price Index","2020","2020","14","Midland - houses","Base Jan 2005 = 100","95.4"
"HPA06C01","Residential Property Price Index","2020","2020","15","West - houses","Base Jan 2005 = 100","104.2"
"HPA06C01","Residential Property Price Index","2020","2020","16","Mid-East including Louth - houses","Base Jan 2005 = 100","113.3"
"HPA06C01","Residential Property Price Index","2020","2020","17","Mid-West including South Tipperary - houses","Base Jan 2005 = 100","96.1"
"HPA06C01","Residential Property Price Index","2020","2020","18","South-East excluding South Tipperary - houses","Base Jan 2005 = 100","100"
"HPA06C01","Residential Property Price Index","2020","2020","19","South-West - houses","Base Jan 2005 = 100","114.7"
"HPA06C01","Residential Property Price Index","2021","2021","-","National - all residential properties","Base Jan 2005 = 100","116.9"
"HPA06C01","Residential Property Price Index","2021","2021","01","National - houses","Base Jan 2005 = 100","120.9"
"HPA06C01","Residential Property Price Index","2021","2021","02","National - apartments","Base Jan 2005 = 100","96.8"
"HPA06C01","Residential Property Price Index","2021","2021","05","Dublin - all residential properties","Base Jan 2005 = 100","112.5"
"HPA06C01","Residential Property Price Index","2021","2021","06","Dublin - houses","Base Jan 2005 = 100","118.8"
"HPA06C01","Residential Property Price Index","2021","2021","07","Dublin - apartments","Base Jan 2005 = 100","94.7"
"HPA06C01","Residential Property Price Index","2021","2021","08","Dublin City - houses","Base Jan 2005 = 100","120"
"HPA06C01","Residential Property Price Index","2021","2021","09","Dun Laoghaire-Rathdown - houses","Base Jan 2005 = 100","116.6"
"HPA06C01","Residential Property Price Index","2021","2021","10","Fingal - houses","Base Jan 2005 = 100","112.7"
"HPA06C01","Residential Property Price Index","2021","2021","11","South Dublin - houses","Base Jan 2005 = 100","119.7"
"HPA06C01","Residential Property Price Index","2021","2021","03","National excluding Dublin - all residential properties","Base Jan 2005 = 100","112.5"
"HPA06C01","Residential Property Price Index","2021","2021","04","National excluding Dublin - houses","Base Jan 2005 = 100","113.8"
"HPA06C01","Residential Property Price Index","2021","2021","12","National excluding Dublin - apartments","Base Jan 2005 = 100","90.2"
"HPA06C01","Residential Property Price Index","2021","2021","13","Border excluding Louth - houses","Base Jan 2005 = 100","91.3"
"HPA06C01","Residential Property Price Index","2021","2021","14","Midland - houses","Base Jan 2005 = 100","105.3"
"HPA06C01","Residential Property Price Index","2021","2021","15","West - houses","Base Jan 2005 = 100","113.2"
"HPA06C01","Residential Property Price Index","2021","2021","16","Mid-East including Louth - houses","Base Jan 2005 = 100","122.8"
"HPA06C01","Residential Property Price Index","2021","2021","17","Mid-West including South Tipperary - houses","Base Jan 2005 = 100","103.7"
"HPA06C01","Residential Property Price Index","2021","2021","18","South-East excluding South Tipperary - houses","Base Jan 2005 = 100","111.6"
"HPA06C01","Residential Property Price Index","2021","2021","19","South-West - houses","Base Jan 2005 = 100","122.6"
"HPA06C01","Residential Property Price Index","2022","2022","-","National - all residential properties","Base Jan 2005 = 100","131.3"
"HPA06C01","Residential Property Price Index","2022","2022","01","National - houses","Base Jan 2005 = 100","136"
"HPA06C01","Residential Property Price Index","2022","2022","02","National - apartments","Base Jan 2005 = 100","107"
"HPA06C01","Residential Property Price Index","2022","2022","05","Dublin - all residential properties","Base Jan 2005 = 100","124"
"HPA06C01","Residential Property Price Index","2022","2022","06","Dublin - houses","Base Jan 2005 = 100","131.1"
"HPA06C01","Residential Property Price Index","2022","2022","07","Dublin - apartments","Base Jan 2005 = 100","104"
"HPA06C01","Residential Property Price Index","2022","2022","08","Dublin City - houses","Base Jan 2005 = 100","132.7"
"HPA06C01","Residential Property Price Index","2022","2022","09","Dun Laoghaire-Rathdown - houses","Base Jan 2005 = 100","127.6"
"HPA06C01","Residential Property Price Index","2022","2022","10","Fingal - houses","Base Jan 2005 = 100","124.9"
"HPA06C01","Residential Property Price Index","2022","2022","11","South Dublin - houses","Base Jan 2005 = 100","132.8"
"HPA06C01","Residential Property Price Index","2022","2022","03","National excluding Dublin - all residential properties","Base Jan 2005 = 100","128.2"
"HPA06C01","Residential Property Price Index","2022","2022","04","National excluding Dublin - houses","Base Jan 2005 = 100","129.9"
"HPA06C01","Residential Property Price Index","2022","2022","12","National excluding Dublin - apartments","Base Jan 2005 = 100","101.3"
"HPA06C01","Residential Property Price Index","2022","2022","13","Border excluding Louth - houses","Base Jan 2005 = 100","107.7"
"HPA06C01","Residential Property Price Index","2022","2022","14","Midland - houses","Base Jan 2005 = 100","121.1"
"HPA06C01","Residential Property Price Index","2022","2022","15","West - houses","Base Jan 2005 = 100","132.3"
"HPA06C01","Residential Property Price Index","2022","2022","16","Mid-East including Louth - houses","Base Jan 2005 = 100","139.1"
"HPA06C01","Residential Property Price Index","2022","2022","17","Mid-West including South Tipperary - houses","Base Jan 2005 = 100","116"
"HPA06C01","Residential Property Price Index","2022","2022","18","South-East excluding South Tipperary - houses","Base Jan 2005 = 100","128.8"
"HPA06C01","Residential Property Price Index","2022","2022","19","South-West - houses","Base Jan 2005 = 100","138"
"HPA06C01","Residential Property Price Index","2023","2023","-","National - all residential properties","Base Jan 2005 = 100","135.3"
"HPA06C01","Residential Property Price Index","2023","2023","01","National - houses","Base Jan 2005 = 100","140.4"
"HPA06C01","Residential Property Price Index","2023","2023","02","National - apartments","Base Jan 2005 = 100","109.2"
"HPA06C01","Residential Property Price Index","2023","2023","05","Dublin - all residential properties","Base Jan 2005 = 100","124.8"
"HPA06C01","Residential Property Price Index","2023","2023","06","Dublin - houses","Base Jan 2005 = 100","131.7"
"HPA06C01","Residential Property Price Index","2023","2023","07","Dublin - apartments","Base Jan 2005 = 100","105.3"
"HPA06C01","Residential Property Price Index","2023","2023","08","Dublin City - houses","Base Jan 2005 = 100","130.4"
"HPA06C01","Residential Property Price Index","2023","2023","09","Dun Laoghaire-Rathdown - houses","Base Jan 2005 = 100","127"
"HPA06C01","Residential Property Price Index","2023","2023","10","Fingal - houses","Base Jan 2005 = 100","128"
"HPA06C01","Residential Property Price Index","2023","2023","11","South Dublin - houses","Base Jan 2005 = 100","137.7"
"HPA06C01","Residential Property Price Index","2023","2023","03","National excluding Dublin - all residential properties","Base Jan 2005 = 100","134.6"
"HPA06C01","Residential Property Price Index","2023","2023","04","National excluding Dublin - houses","Base Jan 2005 = 100","136.5"
"HPA06C01","Residential Property Price Index","2023","2023","12","National excluding Dublin - apartments","Base Jan 2005 = 100","105"
"HPA06C01","Residential Property Price Index","2023","2023","13","Border excluding Louth - houses","Base Jan 2005 = 100","113"
"HPA06C01","Residential Property Price Index","2023","2023","14","Midland - houses","Base Jan 2005 = 100","127"
"HPA06C01","Residential Property Price Index","2023","2023","15","West - houses","Base Jan 2005 = 100","138.6"
"HPA06C01","Residential Property Price Index","2023","2023","16","Mid-East including Louth - houses","Base Jan 2005 = 100","146.2"
"HPA06C01","Residential Property Price Index","2023","2023","17","Mid-West including South Tipperary - houses","Base Jan 2005 = 100","122"
"HPA06C01","Residential Property Price Index","2023","2023","18","South-East excluding South Tipperary - houses","Base Jan 2005 = 100","135.5"
"HPA06C01","Residential Property Price Index","2023","2023","19","South-West - houses","Base Jan 2005 = 100","145.2"
"HPA06C01","Residential Property Price Index","2024","2024","-","National - all residential properties","Base Jan 2005 = 100","146.8"
"HPA06C01","Residential Property Price Index","2024","2024","01","National - houses","Base Jan 2005 = 100","152.6"
"HPA06C01","Residential Property Price Index","2024","2024","02","National - apartments","Base Jan 2005 = 100","117.3"
"HPA06C01","Residential Property Price Index","2024","2024","05","Dublin - all residential properties","Base Jan 2005 = 100","135.6"
"HPA06C01","Residential Property Price Index","2024","2024","06","Dublin - houses","Base Jan 2005 = 100","143.7"
"HPA06C01","Residential Property Price Index","2024","2024","07","Dublin - apartments","Base Jan 2005 = 100","112.6"
"HPA06C01","Residential Property Price Index","2024","2024","08","Dublin City - houses","Base Jan 2005 = 100","143.8"
"HPA06C01","Residential Property Price Index","2024","2024","09","Dun Laoghaire-Rathdown - houses","Base Jan 2005 = 100","136.2"
"HPA06C01","Residential Property Price Index","2024","2024","10","Fingal - houses","Base Jan 2005 = 100","139.9"
"HPA06C01","Residential Property Price Index","2024","2024","11","South Dublin - houses","Base Jan 2005 = 100","151.1"
"HPA06C01","Residential Property Price Index","2024","2024","03","National excluding Dublin - all residential properties","Base Jan 2005 = 100","145.9"
"HPA06C01","Residential Property Price Index","2024","2024","04","National excluding Dublin - houses","Base Jan 2005 = 100","147.9"
"HPA06C01","Residential Property Price Index","2024","2024","12","National excluding Dublin - apartments","Base Jan 2005 = 100","113.8"
"HPA06C01","Residential Property Price Index","2024","2024","13","Border excluding Louth - houses","Base Jan 2005 = 100","123.6"
"HPA06C01","Residential Property Price Index","2024","2024","14","Midland - houses","Base Jan 2005 = 100","140.3"
"HPA06C01","Residential Property Price Index","2024","2024","15","West - houses","Base Jan 2005 = 100","150.5"
"HPA06C01","Residential Property Price Index","2024","2024","16","Mid-East including Louth - houses","Base Jan 2005 = 100","156.1"
"HPA06C01","Residential Property Price Index","2024","2024","17","Mid-West including South Tipperary - houses","Base Jan 2005 = 100","136.1"
"HPA06C01","Residential Property Price Index","2024","2024","18","South-East excluding South Tipperary - houses","Base Jan 2005 = 100","144.9"
"HPA06C01","Residential Property Price Index","2024","2024","19","South-West - houses","Base Jan 2005 = 100","158.6"
"HPA06C01","Residential Property Price Index","2025","2025","-","National - all residential properties","Base Jan 2005 = 100","157.9"
"HPA06C01","Residential Property Price Index","2025","2025","01","National - houses","Base Jan 2005 = 100","164.3"
"HPA06C01","Residential Property Price Index","2025","2025","02","National - apartments","Base Jan 2005 = 100","125.3"
"HPA06C01","Residential Property Price Index","2025","2025","05","Dublin - all residential properties","Base Jan 2005 = 100","143.9"
"HPA06C01","Residential Property Price Index","2025","2025","06","Dublin - houses","Base Jan 2005 = 100","152.4"
"HPA06C01","Residential Property Price Index","2025","2025","07","Dublin - apartments","Base Jan 2005 = 100","119.7"
"HPA06C01","Residential Property Price Index","2025","2025","08","Dublin City - houses","Base Jan 2005 = 100","153.5"
"HPA06C01","Residential Property Price Index","2025","2025","09","Dun Laoghaire-Rathdown - houses","Base Jan 2005 = 100","143.1"
"HPA06C01","Residential Property Price Index","2025","2025","10","Fingal - houses","Base Jan 2005 = 100","149.3"
"HPA06C01","Residential Property Price Index","2025","2025","11","South Dublin - houses","Base Jan 2005 = 100","159.9"
"HPA06C01","Residential Property Price Index","2025","2025","03","National excluding Dublin - all residential properties","Base Jan 2005 = 100","158.5"
"HPA06C01","Residential Property Price Index","2025","2025","04","National excluding Dublin - houses","Base Jan 2005 = 100","160.8"
"HPA06C01","Residential Property Price Index","2025","2025","12","National excluding Dublin - apartments","Base Jan 2005 = 100","122.8"
"HPA06C01","Residential Property Price Index","2025","2025","13","Border excluding Louth - houses","Base Jan 2005 = 100","134.7"
"HPA06C01","Residential Property Price Index","2025","2025","14","Midland - houses","Base Jan 2005 = 100","156.8"
"HPA06C01","Residential Property Price Index","2025","2025","15","West - houses","Base Jan 2005 = 100","163.2"
"HPA06C01","Residential Property Price Index","2025","2025","16","Mid-East including Louth - houses","Base Jan 2005 = 100","168.2"
"HPA06C01","Residential Property Price Index","2025","2025","17","Mid-West including South Tipperary - houses","Base Jan 2005 = 100","149.9"
"HPA06C01","Residential Property Price Index","2025","2025","18","South-East excluding South Tipperary - houses","Base Jan 2005 = 100","156"
"HPA06C01","Residential Property Price Index","2025","2025","19","South-West - houses","Base Jan 2005 = 100","172.8"
